{
    "schema": "olm.package",
    "name": "dpu-network-operator",
    "defaultChannel": "stable"
}
{
    "schema": "olm.channel",
    "name": "stable",
    "package": "dpu-network-operator",
    "entries": [
        {
            "name": "dpu-network-operator.4.13.0-202309181427",
            "skips": [
                "dpu-network-operator.4.13.0-202307072116",
                "dpu-network-operator.4.13.0-202308281305",
                "dpu-network-operator.4.13.0-202307131743",
                "dpu-network-operator.4.13.0-202211151217",
                "dpu-network-operator.4.13.0-202302061816",
                "dpu-network-operator.4.13.0-202303281554",
                "dpu-network-operator.4.13.0-202303271142",
                "dpu-network-operator.4.13.0-202307170916",
                "dpu-network-operator.4.13.0-202307100954",
                "dpu-network-operator.4.13.0-202301130855",
                "dpu-network-operator.4.13.0-202303180002",
                "dpu-network-operator.4.13.0-202306271429",
                "dpu-network-operator.4.13.0-202304111442",
                "dpu-network-operator.4.13.0-202309161326",
                "dpu-network-operator.4.13.0-202307242035",
                "dpu-network-operator.4.13.0-202305262054",
                "dpu-network-operator.4.13.0-202303301516",
                "dpu-network-operator.4.13.0-202306020855",
                "dpu-network-operator.4.13.0-202308100226",
                "dpu-network-operator.4.13.0-202308221627",
                "dpu-network-operator.4.13.0-202306070816",
                "dpu-network-operator.4.13.0-202302212041",
                "dpu-network-operator.4.13.0-202304190216"
            ],
            "skipRange": ">=4.10.0-0 <4.13.0-202309181427"
        }
    ]
}
{
    "schema": "olm.bundle",
    "name": "dpu-network-operator.4.13.0-202309181427",
    "package": "dpu-network-operator",
    "image": "registry.redhat.io/openshift4/dpu-network-operator-bundle@sha256:006edc597eec839f960bfd191b75217fc8c6bfaea9d1694e7ac9fa34266f9b4f",
    "properties": [
        {
            "type": "olm.gvk",
            "value": {
                "group": "dpu.openshift.io",
                "kind": "OVNKubeConfig",
                "version": "v1alpha1"
            }
        },
        {
            "type": "olm.package",
            "value": {
                "packageName": "dpu-network-operator",
                "version": "4.13.0-202309181427"
            }
        },
        {
            "type": "olm.csv.metadata",
            "value": {
                "annotations": {
                    "alm-examples": "[\n  {\n    \"apiVersion\": \"dpu.openshift.io/v1alpha1\",\n    \"kind\": \"OVNKubeConfig\",\n    \"metadata\": {\n      \"name\": \"ovnkubeconfig-sample\"\n    },\n    \"spec\": {\n      \"kubeConfigFile\": \"tenant-cluster-1-kubeconf\",\n      \"nodeSelector\": {\n        \"matchLabels\": {\n          \"node-role.kubernetes.io/dpu-worker\": \"\"\n        }\n      },\n      \"poolName\": \"dpu\"\n    }\n  }\n]",
                    "capabilities": "Basic Install",
                    "categories": "OpenShift Optional, Networking",
                    "certified": "false",
                    "containerImage": "registry.redhat.io/openshift4/dpu-network-rhel8-operator@sha256:d07b8ecb5d1625599878b5c1e34b0de94188b81d90c829787a2d13969f6d5971",
                    "createdAt": "2023-07-13T18:03:11Z",
                    "description": "The operator is responsible for the life-cycle management of the ovn-kube components and the necessary host network initialization on DPU cards.",
                    "olm.skipRange": ">=4.10.0-0 <4.13.0-202309181427",
                    "operatorframework.io/suggested-namespace": "openshift-dpu-network-operator",
                    "operators.openshift.io/valid-subscription": "[\"OpenShift Container Platform\", \"OpenShift Platform Plus\"]",
                    "operators.operatorframework.io/builder": "operator-sdk-v1.26.0",
                    "operators.operatorframework.io/project_layout": "go.kubebuilder.io/v3",
                    "repository": "https://github.com/openshift/dpu-network-operator",
                    "support": "Red Hat"
                },
                "apiServiceDefinitions": {},
                "crdDescriptions": {
                    "owned": [
                        {
                            "name": "ovnkubeconfigs.dpu.openshift.io",
                            "version": "v1alpha1",
                            "kind": "OVNKubeConfig",
                            "displayName": "OVNKube Config",
                            "description": "OVNKubeConfig is the Schema for the ovnkubeconfigs API"
                        }
                    ]
                },
                "description": "The operator to be responsible for the life-cycle management of the ovn-kube components and the necessary host network initialization on DPU cards.",
                "displayName": "DPU Network Operator",
                "installModes": [
                    {
                        "type": "OwnNamespace",
                        "supported": false
                    },
                    {
                        "type": "SingleNamespace",
                        "supported": false
                    },
                    {
                        "type": "MultiNamespace",
                        "supported": false
                    },
                    {
                        "type": "AllNamespaces",
                        "supported": true
                    }
                ],
                "keywords": [
                    "dpu",
                    "network"
                ],
                "labels": {
                    "operatorframework.io/arch.amd64": "supported",
                    "operatorframework.io/arch.arm64": "supported"
                },
                "links": [
                    {
                        "name": "Dpu Network Operator",
                        "url": "https://dpu-network-operator.domain"
                    }
                ],
                "maintainers": [
                    {
                        "name": "Red Hat",
                        "email": "support@redhat.com"
                    }
                ],
                "maturity": "alpha",
                "provider": {
                    "name": "Red Hat"
                }
            }
        }
    ],
    "relatedImages": [
        {
            "name": "",
            "image": "registry.redhat.io/openshift4/dpu-network-operator-bundle@sha256:006edc597eec839f960bfd191b75217fc8c6bfaea9d1694e7ac9fa34266f9b4f"
        },
        {
            "name": "dpu-network-rhel8-operator",
            "image": "registry.redhat.io/openshift4/dpu-network-rhel8-operator@sha256:d07b8ecb5d1625599878b5c1e34b0de94188b81d90c829787a2d13969f6d5971"
        },
        {
            "name": "ose-kube-rbac-proxy",
            "image": "registry.redhat.io/openshift4/ose-kube-rbac-proxy@sha256:767682dd3bd65651a8204c9fb732b9c48b99127189992b43abc6ecce027f4589"
        }
    ]
}
